Point`s of stimul`s start time :13:47:13.40320: Delay before stimul appears :1,181886:
Timestamp;Position.x;Position.y;Position.z;Is_false_stimul;Is_catched
13:47:14.60865;-0,6014456;0,5636661;6,102199;1;0
13:47:14.60965;-0,601317;0,5653517;6,094093;1;0
13:47:14.60965;-0,6011884;0,5670372;6,085988;1;0
13:47:14.60965;-0,6010597;0,5687228;6,077882;1;0
13:47:14.61065;-0,6009311;0,5704083;6,069776;1;0
13:47:14.61065;-0,6008025;0,5720939;6,06167;1;0
13:47:14.61065;-0,6006739;0,5737795;6,053565;1;0
13:47:14.61165;-0,6005452;0,575465;6,045459;1;0
13:47:14.61165;-0,6004166;0,5771506;6,037353;1;0
13:47:14.61265;-0,600288;0,5788361;6,029247;1;0
13:47:14.61265;-0,6001593;0,5805217;6,021142;1;0
13:47:14.61265;-0,6000307;0,5822073;6,013036;1;0
13:47:14.61965;-0,5999021;0,5838928;6,00493;1;0
13:47:14.61965;-0,5997735;0,5855784;5,996824;1;0
13:47:14.62465;-0,5996448;0,5872639;5,988719;1;0
13:47:14.62465;-0,5995162;0,5889495;5,980613;1;0
13:47:14.62465;-0,5993876;0,5906351;5,972507;1;0
13:47:14.62565;-0,599259;0,5923206;5,964401;1;0
13:47:14.62565;-0,5991303;0,5940062;5,956295;1;0
13:47:14.62665;-0,5990017;0,5956917;5,94819;1;0
13:47:14.62665;-0,5988731;0,5973773;5,940084;1;0
13:47:14.62765;-0,5987445;0,5990629;5,931978;1;0
13:47:14.62765;-0,5986158;0,6007484;5,923872;1;0
13:47:14.62865;-0,5984872;0,602434;5,915767;1;0
13:47:14.62865;-0,5983586;0,6041195;5,907661;1;0
13:47:14.62865;-0,5982299;0,6058051;5,899555;1;0
13:47:14.62965;-0,5981013;0,6074907;5,891449;1;0
13:47:14.62965;-0,5979727;0,6091762;5,883344;1;0
13:47:14.62965;-0,5978441;0,6108618;5,875238;1;0
13:47:14.63565;-0,5977154;0,6125473;5,867132;1;0
13:47:14.63565;-0,5975868;0,6142329;5,859026;1;0
13:47:14.63565;-0,5974582;0,6159185;5,850921;1;0
13:47:14.63665;-0,5973296;0,617604;5,842815;1;0
13:47:14.63665;-0,5972009;0,6192896;5,834709;1;0
13:47:14.63765;-0,5970723;0,6209751;5,826603;1;0
13:47:14.63765;-0,5969437;0,6226607;5,818498;1;0
13:47:14.63765;-0,596815;0,6243463;5,810392;1;0
13:47:14.63865;-0,5966864;0,6260318;5,802286;1;0
13:47:14.63865;-0,5965578;0,6277174;5,79418;1;0
13:47:14.63865;-0,5964292;0,6294029;5,786075;1;0
13:47:14.65265;-0,5963005;0,6310885;5,777969;1;0
13:47:14.65365;-0,5961719;0,6327741;5,769863;1;0
13:47:14.65465;-0,5960433;0,6344596;5,761757;1;0
13:47:14.65465;-0,5959147;0,6361452;5,753652;1;0
13:47:14.65465;-0,595786;0,6378307;5,745546;1;0
13:47:14.65565;-0,5956574;0,6395163;5,73744;1;0
13:47:14.65565;-0,5955288;0,6412019;5,729334;1;0
13:47:14.65665;-0,5954002;0,6428874;5,721229;1;0
13:47:14.65665;-0,5952715;0,644573;5,713123;1;0
13:47:14.65665;-0,5951429;0,6462585;5,705017;1;0
13:47:14.65765;-0,5950143;0,6479441;5,696911;1;0
13:47:14.65765;-0,5948856;0,6496297;5,688806;1;0
13:47:14.66165;-0,594757;0,6513152;5,6807;1;0
13:47:14.66265;-0,5946284;0,6530008;5,672594;1;0
13:47:14.66265;-0,5944998;0,6546863;5,664488;1;0
13:47:14.66365;-0,5943711;0,6563719;5,656383;1;0
13:47:14.66365;-0,5942425;0,6580575;5,648277;1;0
13:47:14.66365;-0,5941139;0,659743;5,640171;1;0
13:47:14.66965;-0,5939853;0,6614286;5,632065;1;0
13:47:14.67065;-0,5938566;0,6631141;5,62396;1;0
13:47:14.67065;-0,593728;0,6647997;5,615854;1;0
13:47:14.67065;-0,5935994;0,6664852;5,607748;1;0
13:47:14.67165;-0,5934708;0,6681708;5,599642;1;0
13:47:14.67265;-0,5933421;0,6698564;5,591537;1;0
13:47:14.67265;-0,5932135;0,6715419;5,583431;1;0
13:47:14.67365;-0,5930849;0,6732275;5,575325;1;0
13:47:14.67365;-0,5929562;0,674913;5,567219;1;0
13:47:14.67465;-0,5928276;0,6765986;5,559114;1;0
13:47:14.67571;-0,592699;0,6782842;5,551008;1;0
13:47:14.67665;-0,5925704;0,6799697;5,542902;1;0
13:47:14.67765;-0,5924417;0,6816553;5,534796;1;0
13:47:14.67865;-0,5923131;0,6833408;5,52669;1;0
13:47:14.67865;-0,5921845;0,6850264;5,518585;1;0
13:47:14.67965;-0,5920559;0,686712;5,510479;1;0
13:47:14.67965;-0,5919272;0,6883975;5,502373;1;0
13:47:14.68567;-0,5917986;0,6900831;5,494267;1;0
13:47:14.68567;-0,59167;0,6917686;5,486162;1;0
13:47:14.68667;-0,5915413;0,6934542;5,478056;1;0
13:47:14.68768;-0,5914127;0,6951398;5,46995;1;0
13:47:14.68768;-0,5912841;0,6968253;5,461844;1;0
13:47:14.68865;-0,5911555;0,6985109;5,453739;1;0
13:47:14.68865;-0,5910268;0,7001964;5,445633;1;0
13:47:14.68965;-0,5908982;0,701882;5,437527;1;0
13:47:14.68965;-0,5907696;0,7035676;5,429421;1;0
13:47:14.69065;-0,590641;0,7052531;5,421316;1;0
13:47:14.69167;-0,5905123;0,7069387;5,41321;1;0
13:47:14.69167;-0,5903837;0,7086242;5,405104;1;0
13:47:14.69167;-0,5902551;0,7103098;5,396998;1;0
13:47:14.69267;-0,5901265;0,7119954;5,388893;1;0
13:47:14.69365;-0,5899978;0,7136809;5,380787;1;0
13:47:14.69865;-0,5898692;0,7153665;5,372681;1;0
13:47:14.69865;-0,5897406;0,717052;5,364575;1;0
13:47:14.69965;-0,5896119;0,7187376;5,35647;1;0
13:47:14.69965;-0,5894833;0,7204232;5,348364;1;0
13:47:14.70065;-0,5893547;0,7221087;5,340258;1;0
13:47:14.70065;-0,5892261;0,7237943;5,332152;1;0
13:47:14.70165;-0,5890974;0,7254798;5,324047;1;0
13:47:14.70165;-0,5889688;0,7271654;5,315941;1;0
13:47:14.70265;-0,5888402;0,728851;5,307835;1;0
13:47:14.70365;-0,5887116;0,7305365;5,299729;1;0
13:47:14.70365;-0,5885829;0,7322221;5,291624;1;0
13:47:14.70365;-0,5884543;0,7339076;5,283518;1;0
13:47:14.70465;-0,5883257;0,7355932;5,275412;1;0
13:47:14.70965;-0,5881971;0,7372788;5,267306;1;0
13:47:14.71065;-0,5880684;0,7389643;5,259201;1;0
13:47:14.71065;-0,5879398;0,7406499;5,251095;1;0
13:47:14.71165;-0,5878112;0,7423354;5,242989;1;0
13:47:14.71165;-0,5876825;0,744021;5,234883;1;0
13:47:14.71266;-0,5875539;0,7457066;5,226778;1;0
13:47:14.71266;-0,5874253;0,7473921;5,218672;1;0
13:47:14.71365;-0,5872967;0,7490777;5,210566;1;0
13:47:14.71467;-0,587168;0,7507632;5,20246;1;0
13:47:14.71467;-0,5870394;0,7524488;5,194355;1;0
13:47:14.71565;-0,5869108;0,7541344;5,186249;1;0
13:47:14.71565;-0,5867822;0,7558199;5,178143;1;0
13:47:14.72065;-0,5866535;0,7575055;5,170037;1;0
13:47:14.72165;-0,5865249;0,759191;5,161932;1;0
13:47:14.72265;-0,5863963;0,7608766;5,153826;1;0
13:47:14.72265;-0,5862677;0,7625622;5,14572;1;0
13:47:14.72365;-0,586139;0,7642477;5,137614;1;0
13:47:14.72365;-0,5860104;0,7659333;5,129508;1;0
13:47:14.72467;-0,5858818;0,7676188;5,121403;1;0
13:47:14.72467;-0,5857531;0,7693044;5,113297;1;0
13:47:14.72567;-0,5856245;0,77099;5,105191;1;0
13:47:14.72567;-0,5854959;0,7726755;5,097085;1;0
13:47:14.72667;-0,5853673;0,7743611;5,08898;1;0
13:47:14.73965;-0,5852386;0,7760466;5,080874;1;0
13:47:14.74065;-0,58511;0,7777322;5,072768;1;0
13:47:14.74167;-0,5849814;0,7794178;5,064662;1;0
13:47:14.74167;-0,5848528;0,7811033;5,056557;1;0
13:47:14.74265;-0,5847241;0,7827889;5,048451;1;0
13:47:14.74265;-0,5845955;0,7844744;5,040345;1;0
13:47:14.74350;-0,5844669;0,78616;5,032239;1;0
13:47:14.74350;-0,5843382;0,7878456;5,024134;1;0
13:47:14.74450;-0,5842096;0,7895311;5,016028;1;0
13:47:14.74550;-0,584081;0,7912167;5,007922;1;0
13:47:14.74550;-0,5839524;0,7929022;4,999816;1;0
13:47:14.74650;-0,5838237;0,7945878;4,991711;1;0
13:47:14.74650;-0,5836951;0,7962734;4,983605;1;0
13:47:14.74750;-0,5835665;0,7979589;4,975499;1;0
13:47:14.74750;-0,5834379;0,7996445;4,967393;1;0
13:47:14.74750;-0,5833092;0,80133;4,959288;1;0
13:47:14.74850;-0,5831806;0,8030156;4,951182;1;0
13:47:14.74950;-0,583052;0,8047011;4,943076;1;0
13:47:14.74950;-0,5829234;0,8063867;4,93497;1;0
13:47:14.75650;-0,5827947;0,8080723;4,926865;1;0
13:47:14.75750;-0,5826661;0,8097578;4,918759;1;0
13:47:14.75750;-0,5825375;0,8114434;4,910653;1;0
13:47:14.75850;-0,5824088;0,8131289;4,902547;1;0
13:47:14.75850;-0,5822802;0,8148146;4,894442;1;0
13:47:14.75950;-0,5821516;0,8165001;4,886336;1;0
13:47:14.75950;-0,582023;0,8181857;4,87823;1;0
13:47:14.76050;-0,5818943;0,8198712;4,870124;1;0
13:47:14.76150;-0,5817657;0,8215568;4,862019;1;0
13:47:14.76150;-0,5816371;0,8232423;4,853913;1;0
13:47:14.76550;-0,5815085;0,8249279;4,845807;1;0
13:47:14.76550;-0,5813798;0,8266134;4,837701;1;0
13:47:14.76650;-0,5812512;0,828299;4,829596;1;0
13:47:14.76650;-0,5811226;0,8299845;4,82149;1;0
13:47:14.76650;-0,580994;0,8316701;4,813384;1;0
13:47:14.76750;-0,5808653;0,8333557;4,805278;1;0
13:47:14.77350;-0,5807367;0,8350413;4,797173;1;0
13:47:14.77350;-0,5806081;0,8367268;4,789067;1;0
13:47:14.77450;-0,5804794;0,8384124;4,780961;1;0
13:47:14.77450;-0,5803508;0,8400979;4,772855;1;0
13:47:14.77450;-0,5802222;0,8417835;4,76475;1;0
13:47:14.77550;-0,5800936;0,843469;4,756644;1;0
13:47:14.77550;-0,5799649;0,8451546;4,748538;1;0
13:47:14.77650;-0,5798363;0,8468401;4,740432;1;0
13:47:14.77650;-0,5797077;0,8485257;4,732327;1;0
13:47:14.77750;-0,5795791;0,8502113;4,724221;1;0
13:47:14.78233;-0,5794504;0,8518969;4,716115;1;0
13:47:14.78333;-0,5793218;0,8535824;4,708009;1;0
13:47:14.78333;-0,5791932;0,855268;4,699903;1;0
13:47:14.78433;-0,5790645;0,8569535;4,691798;1;0
13:47:14.78433;-0,5789359;0,8586391;4,683692;1;0
13:47:14.78433;-0,5788073;0,8603246;4,675586;1;0
13:47:14.78533;-0,5786787;0,8620102;4,66748;1;0
13:47:14.79035;-0,57855;0,8636957;4,659375;1;0
13:47:14.79035;-0,5784214;0,8653813;4,651269;1;0
13:47:14.79133;-0,5782928;0,8670669;4,643163;1;0
13:47:14.79133;-0,5781642;0,8687524;4,635057;1;0
13:47:14.79133;-0,5780355;0,870438;4,626952;1;0
13:47:14.79233;-0,5779069;0,8721236;4,618846;1;0
13:47:14.79233;-0,5777783;0,8738091;4,61074;1;0
13:47:14.79333;-0,5776497;0,8754947;4,602634;1;0
13:47:14.79333;-0,577521;0,8771802;4,594529;1;0
13:47:14.79433;-0,5773924;0,8788658;4,586423;1;0
13:47:14.79433;-0,5772638;0,8805513;4,578317;1;0
13:47:14.79533;-0,5771351;0,8822369;4,570211;1;0
13:47:14.79533;-0,5770065;0,8839225;4,562106;1;0
13:47:14.79533;-0,5768779;0,885608;4,554;1;0
13:47:14.79633;-0,5767493;0,8872936;4,545894;1;0
13:47:14.79633;-0,5766206;0,8889791;4,537788;1;0
13:47:14.79733;-0,576492;0,8906647;4,529683;1;0
13:47:14.80133;-0,5763634;0,8923503;4,521577;1;0
13:47:14.80235;-0,5762348;0,8940358;4,513471;1;0
13:47:14.80235;-0,5761061;0,8957214;4,505365;1;0
13:47:14.80333;-0,5759775;0,8974069;4,49726;1;0
13:47:14.80333;-0,5758489;0,8990926;4,489154;1;0
13:47:14.80333;-0,5757203;0,9007781;4,481048;1;0
13:47:14.80433;-0,5755916;0,9024636;4,472942;1;0
13:47:14.80433;-0,575463;0,9041492;4,464837;1;0
13:47:14.80533;-0,5753344;0,9058347;4,456731;1;0
13:47:14.80533;-0,5752057;0,9075203;4,448625;1;0
13:47:14.80633;-0,5750771;0,9092059;4,440519;1;0
13:47:14.80633;-0,5749485;0,9108914;4,432414;1;0
13:47:14.81239;-0,5748199;0,912577;4,424308;1;0
13:47:14.81337;-0,5746912;0,9142625;4,416202;1;0
13:47:14.81337;-0,5745626;0,9159482;4,408096;1;0
13:47:14.81437;-0,574434;0,9176337;4,399991;1;0
13:47:14.81437;-0,5743054;0,9193193;4,391885;1;0
13:47:14.81537;-0,5741767;0,9210048;4,383779;1;0
13:47:14.81537;-0,5740481;0,9226903;4,375673;1;0
13:47:14.81537;-0,5739195;0,9243759;4,367568;1;0
13:47:14.81637;-0,5737908;0,9260615;4,359462;1;0
13:47:14.81637;-0,5736622;0,927747;4,351356;1;0
13:47:14.81737;-0,5735336;0,9294326;4,34325;1;0
13:47:14.83137;-0,573405;0,9311181;4,335145;1;0
13:47:14.83137;-0,5732763;0,9328038;4,327039;1;0
13:47:14.83237;-0,5731477;0,9344893;4,318933;1;0
13:47:14.83237;-0,5730191;0,9361749;4,310827;1;0
13:47:14.83237;-0,5728905;0,9378604;4,302722;1;0
13:47:14.83337;-0,5727618;0,939546;4,294616;1;0
13:47:14.83337;-0,5726332;0,9412315;4,28651;1;0
13:47:14.83437;-0,5725046;0,942917;4,278404;1;0
13:47:14.83437;-0,572376;0,9446026;4,270298;1;0
13:47:14.83540;-0,5722473;0,9462882;4,262193;1;0
13:47:14.83540;-0,5721187;0,9479737;4,254087;1;0
13:47:14.83637;-0,5719901;0,9496593;4,245981;1;0
13:47:14.83637;-0,5718614;0,9513448;4,237875;1;0
13:47:14.83637;-0,5717328;0,9530305;4,22977;1;0
13:47:14.83737;-0,5716042;0,954716;4,221664;1;0
13:47:14.83737;-0,5714756;0,9564016;4,213558;1;0
13:47:14.83837;-0,5713469;0,9580871;4,205452;1;0
13:47:14.83837;-0,5712183;0,9597727;4,197347;1;0
13:47:14.84337;-0,5710897;0,9614582;4,189241;1;0
13:47:14.84337;-0,5709611;0,9631438;4,181135;1;0
13:47:14.84437;-0,5708324;0,9648293;4,173029;1;0
13:47:14.84437;-0,5707038;0,9665149;4,164924;1;0
13:47:14.84537;-0,5705752;0,9682004;4,156817;1;0
13:47:14.84537;-0,5704466;0,9698861;4,148712;1;0
13:47:14.84537;-0,5703179;0,9715716;4,140606;1;0
13:47:14.84637;-0,5701893;0,9732572;4,132501;1;0
13:47:14.84637;-0,5700607;0,9749427;4,124395;1;0
13:47:14.84637;-0,569932;0,9766283;4,116289;1;0
13:47:14.84737;-0,5698034;0,9783138;4,108183;1;0
13:47:14.84737;-0,5696748;0,9799994;4,100078;1;0
13:47:14.85437;-0,5695462;0,9816849;4,091972;1;0
13:47:14.85437;-0,5694175;0,9833705;4,083866;1;0
13:47:14.85537;-0,5692889;0,985056;4,07576;1;0
13:47:14.85537;-0,5691603;0,9867417;4,067655;1;0
13:47:14.85637;-0,5690317;0,9884272;4,059548;1;0
13:47:14.85637;-0,568903;0,9901128;4,051443;1;0
13:47:14.85637;-0,5687744;0,9917983;4,043337;1;0
13:47:14.85737;-0,5686458;0,9934839;4,035232;1;0
13:47:14.85737;-0,5685171;0,9951694;4,027126;1;0
13:47:14.85837;-0,5683885;0,996855;4,01902;1;0
13:47:14.85837;-0,5682599;0,9985405;4,010914;1;0
13:47:14.87337;-0,5681313;1,000226;4,002809;1;0
13:47:14.87439;-0,5680026;1,001912;3,994703;1;0
13:47:14.87439;-0,567874;1,003597;3,986597;1;0
13:47:14.87439;-0,5677454;1,005283;3,978492;1;0
13:47:14.87537;-0,5676168;1,006969;3,970386;1;0
13:47:14.87537;-0,5674881;1,008654;3,962281;1;0
13:47:14.87637;-0,5673595;1,01034;3,954175;1;0
13:47:14.87637;-0,5672309;1,012025;3,94607;1;0
13:47:14.87737;-0,5671023;1,013711;3,937964;1;0
13:47:14.87737;-0,5669736;1,015397;3,929859;1;0
13:47:14.87737;-0,566845;1,017082;3,921753;1;0
13:47:14.87837;-0,5667164;1,018768;3,913648;1;0
13:47:14.87837;-0,5665877;1,020454;3,905542;1;0
13:47:14.87837;-0,5664591;1,022139;3,897437;1;0
13:47:14.87937;-0,5663305;1,023825;3,889331;1;0
13:47:14.87937;-0,5662019;1,02551;3,881226;1;0
13:47:14.88037;-0,5660732;1,027196;3,87312;1;0
13:47:14.88037;-0,5659446;1,028882;3,865015;1;0
13:47:14.88037;-0,565816;1,030567;3,856909;1;0
13:47:14.88137;-0,5656874;1,032253;3,848804;1;0
13:47:14.88537;-0,5655587;1,033939;3,840698;1;0
13:47:14.88637;-0,5654301;1,035624;3,832593;1;0
13:47:14.88637;-0,5653015;1,03731;3,824487;1;0
13:47:14.88737;-0,5651729;1,038995;3,816382;1;0
13:47:14.88737;-0,5650442;1,040681;3,808276;1;0
13:47:14.88737;-0,5649156;1,042367;3,800171;1;0
13:47:14.88837;-0,564787;1,044052;3,792065;1;0
13:47:14.88837;-0,5646583;1,045738;3,78396;1;0
13:47:14.88937;-0,5645297;1,047424;3,775854;1;0
13:47:14.88937;-0,5644011;1,049109;3,767748;1;0
13:47:14.88937;-0,5642725;1,050795;3,759643;1;0
13:47:14.89037;-0,5641438;1,05248;3,751537;1;0
13:47:14.90037;-0,5640152;1,054166;3,743432;1;0
13:47:14.90137;-0,5638866;1,055852;3,735326;1;0
13:47:14.90137;-0,563758;1,057537;3,727221;1;0
13:47:14.90237;-0,5636293;1,059223;3,719115;1;0
13:47:14.90237;-0,5635007;1,060908;3,71101;1;0
13:47:14.90237;-0,5633721;1,062594;3,702904;1;0
13:47:14.90337;-0,5632434;1,06428;3,694799;1;0
13:47:14.90337;-0,5631148;1,065965;3,686693;1;0
13:47:14.90437;-0,5629862;1,067651;3,678588;1;0
13:47:14.90437;-0,5628576;1,069337;3,670482;1;0
13:47:14.90437;-0,5627289;1,071022;3,662377;1;0
13:47:14.90537;-0,5626003;1,072708;3,654271;1;0
13:47:14.90537;-0,5624717;1,074394;3,646166;1;0
13:47:14.90537;-0,5623431;1,076079;3,63806;1;0
13:47:14.90637;-0,5622144;1,077765;3,629955;1;0
13:47:14.91037;-0,5620858;1,07945;3,621849;1;0
13:47:14.91137;-0,5619572;1,081136;3,613744;1;0
13:47:14.91137;-0,5618286;1,082822;3,605638;1;0
13:47:14.91137;-0,5616999;1,084507;3,597533;1;0
13:47:14.91237;-0,5615713;1,086193;3,589427;1;0
13:47:14.91237;-0,5614427;1,087878;3,581322;1;0
13:47:14.91237;-0,561314;1,089564;3,573216;1;0
13:47:14.91337;-0,5611854;1,09125;3,565111;1;0
13:47:14.91337;-0,5610568;1,092935;3,557005;1;0
13:47:14.91437;-0,5609282;1,094621;3,5489;1;0
13:47:14.92937;-0,5607995;1,096306;3,540794;1;0
13:47:14.92937;-0,5606709;1,097992;3,532689;1;0
13:47:14.93037;-0,5605423;1,099678;3,524583;1;0
13:47:14.93037;-0,5604137;1,101363;3,516478;1;0
13:47:14.93137;-0,560285;1,103049;3,508372;1;0
13:47:14.93137;-0,5601564;1,104735;3,500266;1;0
13:47:14.93237;-0,5600278;1,10642;3,492161;1;0
13:47:14.93237;-0,5598992;1,108106;3,484055;1;0
13:47:14.93337;-0,5597705;1,109792;3,47595;1;0
13:47:14.93337;-0,5596419;1,111477;3,467844;1;0
13:47:14.93337;-0,5595133;1,113163;3,459739;1;0
13:47:14.93437;-0,5593846;1,114848;3,451633;1;0
13:47:14.93437;-0,559256;1,116534;3,443528;1;0
13:47:14.93540;-0,5591274;1,11822;3,435422;1;0
13:47:14.93540;-0,5589988;1,119905;3,427317;1;0
13:47:14.93540;-0,5588701;1,121591;3,419211;1;0
13:47:14.93637;-0,5587415;1,123276;3,411106;1;0
13:47:14.93637;-0,5586129;1,124962;3,403;1;0
13:47:14.93637;-0,5584843;1,126648;3,394895;1;0
13:47:14.94137;-0,5583556;1,128333;3,386789;1;0
13:47:14.94237;-0,558227;1,130019;3,378684;1;0
13:47:14.94237;-0,5580984;1,131704;3,370578;1;0
13:47:14.94237;-0,5579697;1,13339;3,362473;1;0
13:47:14.94337;-0,5578411;1,135076;3,354367;1;0
13:47:14.94337;-0,5577125;1,136761;3,346262;1;0
13:47:14.94337;-0,5575839;1,138447;3,338156;1;0
13:47:14.94437;-0,5574552;1,140133;3,33005;1;0
13:47:14.94437;-0,5573266;1,141818;3,321945;1;0
13:47:14.94437;-0,557198;1,143504;3,313839;1;0
13:47:14.94537;-0,5570694;1,14519;3,305734;1;0
13:47:14.94637;-0,5569407;1,146875;3,297629;1;0
13:47:14.95637;-0,5568121;1,148561;3,289523;1;0
13:47:14.95637;-0,5566835;1,150246;3,281418;1;0
13:47:14.95637;-0,5565549;1,151932;3,273312;1;0
13:47:14.95737;-0,5564262;1,153618;3,265207;1;0
13:47:14.95737;-0,5562976;1,155303;3,257101;1;0
13:47:14.95837;-0,556169;1,156989;3,248996;1;0
13:47:14.95837;-0,5560403;1,158674;3,24089;1;0
13:47:14.95937;-0,5559117;1,16036;3,232785;1;0
13:47:14.95937;-0,5557831;1,162046;3,224679;1;0
13:47:14.95937;-0,5556545;1,163731;3,216573;1;0
13:47:14.96037;-0,5555258;1,165417;3,208468;1;0
13:47:14.96037;-0,5553972;1,167102;3,200362;1;0
13:47:14.96137;-0,5552686;1,168788;3,192257;1;0
13:47:14.96137;-0,55514;1,170474;3,184151;1;0
13:47:14.96637;-0,5550113;1,172159;3,176046;1;0
13:47:14.96637;-0,5548827;1,173845;3,16794;1;0
13:47:14.96737;-0,5547541;1,175531;3,159835;1;0
13:47:14.96737;-0,5546255;1,177216;3,151729;1;0
13:47:14.96737;-0,5544968;1,178902;3,143624;1;0
13:47:14.96837;-0,5543682;1,180587;3,135518;1;0
13:47:14.96837;-0,5542396;1,182273;3,127413;1;0
13:47:14.96937;-0,5541109;1,183959;3,119307;1;0
13:47:14.96937;-0,5539823;1,185644;3,111202;1;0
13:47:14.96937;-0,5538537;1,18733;3,103096;1;0
13:47:14.98337;-0,5537251;1,189016;3,09499;1;0
13:47:14.98337;-0,5535964;1,190701;3,086885;1;0
13:47:14.98437;-0,5534678;1,192387;3,078779;1;0
13:47:14.98437;-0,5533392;1,194072;3,070674;1;0
13:47:14.98437;-0,5532106;1,195758;3,062568;1;0
13:47:14.98537;-0,5530819;1,197444;3,054463;1;0
13:47:14.98537;-0,5529533;1,199129;3,046357;1;0
13:47:14.98637;-0,5528247;1,200815;3,038252;1;0
13:47:14.98637;-0,552696;1,2025;3,030146;1;0
13:47:14.98737;-0,5525674;1,204186;3,022041;1;0
13:47:14.98737;-0,5524388;1,205872;3,013935;1;0
13:47:14.98837;-0,5523102;1,207557;3,00583;1;0
13:47:14.98837;-0,5521815;1,209243;2,997725;1;0
13:47:14.98837;-0,5520529;1,210929;2,989619;1;0
13:47:14.98937;-0,5519243;1,212614;2,981514;1;0
13:47:14.98937;-0,5517957;1,2143;2,973408;1;0
13:47:14.99037;-0,551667;1,215985;2,965302;1;0
13:47:14.99437;-0,5515384;1,217671;2,957197;1;0
13:47:14.99537;-0,5514098;1,219357;2,949091;1;0
13:47:14.99537;-0,5512812;1,221042;2,940986;1;0
13:47:14.99537;-0,5511525;1,222728;2,93288;1;0
13:47:14.99637;-0,5510239;1,224414;2,924775;1;0
13:47:14.99637;-0,5508953;1,226099;2,916669;1;0
13:47:14.99737;-0,5507666;1,227785;2,908564;1;0
13:47:14.99737;-0,550638;1,22947;2,900458;1;0
13:47:14.99737;-0,5505094;1,231156;2,892353;1;0
13:47:14.99837;-0,5503808;1,232842;2,884247;1;0
13:47:14.99837;-0,5502521;1,234527;2,876142;1;0
13:47:14.99937;-0,5501235;1,236213;2,868036;1;0
13:47:15.01137;-0,5499949;1,237898;2,859931;1;0
13:47:15.01237;-0,5498663;1,239584;2,851825;1;0
13:47:15.01237;-0,5497376;1,24127;2,843719;1;0
13:47:15.01337;-0,549609;1,242955;2,835614;1;0
13:47:15.01337;-0,5494804;1,244641;2,827508;1;0
13:47:15.01437;-0,5493518;1,246327;2,819403;1;0
13:47:15.01437;-0,5492231;1,248012;2,811297;1;0
13:47:15.01437;-0,5490945;1,249698;2,803192;1;0
13:47:15.01537;-0,5489659;1,251383;2,795086;1;0
13:47:15.01537;-0,5488372;1,253069;2,786981;1;0
13:47:15.01637;-0,5487086;1,254755;2,778875;1;0
13:47:15.01637;-0,54858;1,25644;2,77077;1;0
13:47:15.01737;-0,5484514;1,258126;2,762664;1;0
13:47:15.01737;-0,5483227;1,259812;2,754559;1;0
13:47:15.01837;-0,5481941;1,261497;2,746453;1;0
13:47:15.01837;-0,5480655;1,263183;2,738348;1;0
13:47:15.01837;-0,5479369;1,264868;2,730242;1;0
13:47:15.02337;-0,5478082;1,266554;2,722137;1;0
13:47:15.02437;-0,5476796;1,26824;2,714031;1;0
13:47:15.02437;-0,547551;1,269925;2,705926;1;0
13:47:15.02437;-0,5474223;1,271611;2,69782;1;0
13:47:15.02537;-0,5472937;1,273297;2,689715;1;0
13:47:15.02537;-0,5471651;1,274982;2,681609;1;0
13:47:15.02537;-0,5470365;1,276668;2,673504;1;0
13:47:15.02637;-0,5469078;1,278353;2,665398;1;0
13:47:15.02637;-0,5467792;1,280039;2,657293;1;0
13:47:15.02637;-0,5466506;1,281725;2,649187;1;0
13:47:15.02737;-0,546522;1,28341;2,641082;1;0
13:47:15.02737;-0,5463933;1,285096;2,632976;1;0
13:47:15.04037;-0,5462647;1,286781;2,624871;1;0
13:47:15.04137;-0,5461361;1,288467;2,616765;1;0
13:47:15.04137;-0,5460075;1,290153;2,60866;1;0
13:47:15.04137;-0,5458788;1,291838;2,600554;1;0
13:47:15.04237;-0,5457502;1,293524;2,592448;1;0
13:47:15.04237;-0,5456216;1,29521;2,584343;1;0
13:47:15.04337;-0,5454929;1,296895;2,576237;1;0
13:47:15.04337;-0,5453643;1,298581;2,568132;1;0
13:47:15.04437;-0,5452357;1,300267;2,560026;1;0
13:47:15.04537;-0,5451071;1,301952;2,551921;1;0
13:47:15.04537;-0,5449784;1,303638;2,543815;1;0
13:47:15.04537;-0,5448498;1,305323;2,53571;1;0
13:47:15.04637;-0,5447212;1,307009;2,527604;1;0
13:47:15.04637;-0,5445926;1,308695;2,519499;1;0
13:47:15.04637;-0,5444639;1,31038;2,511393;1;0
13:47:15.04737;-0,5443353;1,312066;2,503288;1;0
13:47:15.04737;-0,5442067;1,313751;2,495182;1;0
13:47:15.05137;-0,5440781;1,315437;2,487077;1;0
13:47:15.05237;-0,5439494;1,317123;2,478971;1;0
13:47:15.05237;-0,5438208;1,318808;2,470866;1;0
13:47:15.05337;-0,5436922;1,320494;2,46276;1;0
13:47:15.05337;-0,5435635;1,322179;2,454655;1;0
13:47:15.05337;-0,5434349;1,323865;2,446549;1;0
13:47:15.05437;-0,5433063;1,325551;2,438444;1;0
13:47:15.05437;-0,5431777;1,327236;2,430338;1;0
13:47:15.05537;-0,543049;1,328922;2,422233;1;0
13:47:15.05537;-0,5429204;1,330608;2,414127;1;0
13:47:15.05537;-0,5427918;1,332293;2,406022;1;0
13:47:15.06837;-0,5426632;1,333979;2,397916;1;0
13:47:15.06837;-0,5425345;1,335665;2,389811;1;0
13:47:15.06937;-0,5424059;1,33735;2,381705;1;0
13:47:15.06937;-0,5422773;1,339036;2,3736;1;0
13:47:15.06937;-0,5421486;1,340721;2,365494;1;0
13:47:15.07037;-0,54202;1,342407;2,357388;1;0
13:47:15.07037;-0,5418914;1,344093;2,349283;1;0
13:47:15.07137;-0,5417628;1,345778;2,341178;1;0
13:47:15.07137;-0,5416341;1,347464;2,333072;1;0
13:47:15.07137;-0,5415055;1,349149;2,324967;1;0
13:47:15.07237;-0,5413769;1,350835;2,316861;1;0
13:47:15.07237;-0,5412483;1,352521;2,308755;1;0
13:47:15.07337;-0,5411196;1,354206;2,30065;1;0
13:47:15.07337;-0,540991;1,355892;2,292544;1;0
13:47:15.07337;-0,5408624;1,357577;2,284439;1;0
13:47:15.07437;-0,5407338;1,359263;2,276333;1;0
13:47:15.07837;-0,5406051;1,360949;2,268228;1;0
13:47:15.07937;-0,5404765;1,362634;2,260122;1;0
13:47:15.07937;-0,5403479;1,36432;2,252017;1;0
13:47:15.08037;-0,5402192;1,366006;2,243912;1;0
13:47:15.08037;-0,5400906;1,367691;2,235806;1;0
13:47:15.08037;-0,539962;1,369377;2,2277;1;0
13:47:15.08137;-0,5398334;1,371063;2,219595;1;0
13:47:15.08137;-0,5397047;1,372748;2,211489;1;0
13:47:15.08137;-0,5395761;1,374434;2,203384;1;0
13:47:15.08237;-0,5394475;1,376119;2,195278;1;0
13:47:15.08237;-0,5393189;1,377805;2,187173;1;0
13:47:15.09637;-0,5391902;1,379491;2,179067;1;0
13:47:15.09637;-0,5390616;1,381176;2,170962;1;0
13:47:15.09737;-0,538933;1,382862;2,162856;1;0
13:47:15.09737;-0,5388044;1,384547;2,154751;1;0
13:47:15.09837;-0,5386757;1,386233;2,146645;1;0
13:47:15.09837;-0,5385471;1,387919;2,13854;1;0
13:47:15.09937;-0,5384185;1,389604;2,130434;1;0
13:47:15.09937;-0,5382898;1,39129;2,122329;1;0
13:47:15.09937;-0,5381612;1,392975;2,114223;1;0
13:47:15.10037;-0,5380326;1,394661;2,106117;1;0
13:47:15.10037;-0,537904;1,396347;2,098012;1;0
13:47:15.10037;-0,5377753;1,398032;2,089907;1;0
13:47:15.10137;-0,5376467;1,399718;2,081801;1;0
13:47:15.10137;-0,5375181;1,401404;2,073695;1;0
13:47:15.10137;-0,5373895;1,403089;2,06559;1;0
13:47:15.10237;-0,5372608;1,404775;2,057485;1;0
13:47:15.10237;-0,5371322;1,406461;2,049378;1;0
13:47:15.10237;-0,5370036;1,408146;2,041273;1;0
13:47:15.10737;-0,5368749;1,409832;2,033168;1;0
13:47:15.10837;-0,5367463;1,411517;2,025063;1;0
13:47:15.10837;-0,5366177;1,413203;2,016956;1;0
13:47:15.10937;-0,5364891;1,414889;2,008851;1;0
13:47:15.10937;-0,5363604;1,416574;2,000746;1;0
13:47:15.11037;-0,5362318;1,41826;1,99264;1;0
13:47:15.11037;-0,5361032;1,419945;1,984534;1;0
13:47:15.11037;-0,5359746;1,421631;1,976429;1;0
13:47:15.11137;-0,5358459;1,423317;1,968324;1;0
13:47:15.11137;-0,5357173;1,425002;1,960218;1;0
13:47:15.11137;-0,5355887;1,426688;1,952112;1;0
13:47:15.12337;-0,5354601;1,428373;1,944007;1;0
13:47:15.12437;-0,5353314;1,430059;1,935902;1;0
13:47:15.12437;-0,5352028;1,431745;1,927796;1;0
13:47:15.12437;-0,5350742;1,43343;1,91969;1;0
13:47:15.12537;-0,5349455;1,435116;1,911585;1;0
13:47:15.12537;-0,5348169;1,436802;1,90348;1;0
13:47:15.12637;-0,5346883;1,438487;1,895374;1;0
13:47:15.12637;-0,5345597;1,440173;1,887268;1;0
13:47:15.12737;-0,534431;1,441859;1,879163;1;0
13:47:15.12737;-0,5343024;1,443544;1,871058;1;0
13:47:15.12737;-0,5341738;1,44523;1,862952;1;0
13:47:15.12837;-0,5340452;1,446915;1,854846;1;0
13:47:15.12837;-0,5339165;1,448601;1,846741;1;0
13:47:15.12937;-0,5337879;1,450287;1,838635;1;0
13:47:15.12937;-0,5336593;1,451972;1,83053;1;0
13:47:15.12937;-0,5335307;1,453658;1,822424;1;0
13:47:15.13437;-0,533402;1,455343;1,814319;1;0
13:47:15.13537;-0,5332734;1,457029;1,806213;1;0
13:47:15.13537;-0,5331448;1,458715;1,798108;1;0
13:47:15.13537;-0,5330161;1,4604;1,790002;1;0
13:47:15.13637;-0,5328875;1,462086;1,781897;1;0
13:47:15.13637;-0,5327589;1,463771;1,773791;1;0
13:47:15.13637;-0,5326303;1,465457;1,765686;1;0
13:47:15.13737;-0,5325016;1,467143;1,75758;1;0
13:47:15.13737;-0,532373;1,468828;1,749475;1;0
13:47:15.13737;-0,5322444;1,470514;1,741369;1;0
13:47:15.13837;-0,5321158;1,4722;1,733264;1;0
13:47:15.14937;-0,5319871;1,473885;1,725158;1;0
13:47:15.15037;-0,5318585;1,475571;1,717052;1;0
13:47:15.15037;-0,5317299;1,477257;1,708947;1;0
13:47:15.15137;-0,5316013;1,478942;1,700842;1;0
13:47:15.15137;-0,5314726;1,480628;1,692736;1;0
13:47:15.15137;-0,531344;1,482313;1,68463;1;0
13:47:15.15237;-0,5312154;1,483999;1,676525;1;0
13:47:15.15237;-0,5310867;1,485685;1,66842;1;0
13:47:15.15237;-0,5309581;1,48737;1,660314;1;0
13:47:15.15337;-0,5308295;1,489056;1,652208;1;0
13:47:15.15337;-0,5307009;1,490741;1,644104;1;0
13:47:15.15437;-0,5305722;1,492427;1,635998;1;0
13:47:15.15437;-0,5304436;1,494113;1,627892;1;0
13:47:15.15537;-0,530315;1,495798;1,619786;1;0
13:47:15.15537;-0,5301864;1,497484;1,611681;1;0
13:47:15.16037;-0,5300577;1,499169;1,603576;1;0
13:47:15.16037;-0,5299291;1,500855;1,595469;1;0
13:47:15.16137;-0,5298005;1,502541;1,587364;1;0
13:47:15.16137;-0,5296718;1,504226;1,579259;1;0
13:47:15.16137;-0,5295432;1,505912;1,571153;1;0
13:47:15.16237;-0,5294146;1,507598;1,563047;1;0
13:47:15.16237;-0,529286;1,509283;1,554943;1;0
13:47:15.16337;-0,5291573;1,510969;1,546837;1;0
13:47:15.16337;-0,5290287;1,512655;1,538731;1;0
13:47:15.16337;-0,5289001;1,51434;1,530625;1;0
13:47:15.17937;-0,5287715;1,516026;1,522521;1;0
13:47:15.18037;-0,5286428;1,517711;1,514415;1;0
13:47:15.18037;-0,5285142;1,519397;1,506309;1;0
13:47:15.18037;-0,5283856;1,521083;1,498203;1;0
13:47:15.18137;-0,528257;1,522768;1,490098;1;0
13:47:15.18137;-0,5281283;1,524454;1,481993;1;0
13:47:15.18237;-0,5279997;1,526139;1,473887;1;0
13:47:15.18237;-0,5278711;1,527825;1,465782;1;0
13:47:15.18337;-0,5277424;1,529511;1,457676;1;0
13:47:15.18337;-0,5276138;1,531196;1,449571;1;0
13:47:15.18337;-0,5274852;1,532882;1,441465;1;0
13:47:15.18437;-0,5273566;1,534567;1,43336;1;0
13:47:15.18437;-0,5272279;1,536253;1,425254;1;0
13:47:15.18437;-0,5270993;1,537939;1,417149;1;0
13:47:15.18537;-0,5269707;1,539624;1,409043;1;0
13:47:15.18537;-0,5268421;1,54131;1,400938;1;0
13:47:15.18637;-0,5267134;1,542996;1,392832;1;0
13:47:15.18637;-0,5265848;1,544681;1,384727;1;0
13:47:15.18637;-0,5264562;1,546367;1,376621;1;0
13:47:15.18737;-0,5263276;1,548053;1,368515;1;0
13:47:15.19237;-0,5261989;1,549738;1,36041;1;0
13:47:15.19237;-0,5260703;1,551424;1,352304;1;0
13:47:15.19237;-0,5259417;1,553109;1,344199;1;0
13:47:15.19337;-0,525813;1,554795;1,336093;1;0
13:47:15.19337;-0,5256844;1,556481;1,327988;1;0
13:47:15.19437;-0,5255558;1,558166;1,319882;1;0
13:47:15.19437;-0,5254272;1,559852;1,311777;1;0
13:47:15.19437;-0,5252985;1,561538;1,303671;1;0
13:47:15.19537;-0,5251699;1,563223;1,295566;1;0
13:47:15.19537;-0,5250413;1,564909;1,287461;1;0
13:47:15.19637;-0,5249127;1,566594;1,279355;1;0
13:47:15.19637;-0,524784;1,56828;1,271249;1;0
13:47:15.20837;-0,5246554;1,569966;1,263144;1;0
13:47:15.20837;-0,5245268;1,571651;1,255039;1;0
13:47:15.20937;-0,5243981;1,573337;1,246933;1;0
13:47:15.20937;-0,5242695;1,575022;1,238827;1;0
13:47:15.21037;-0,5241409;1,576708;1,230721;1;0
13:47:15.21037;-0,5240123;1,578394;1,222617;1;0
13:47:15.21137;-0,5238836;1,580079;1,21451;1;0
13:47:15.21137;-0,523755;1,581765;1,206405;1;0
13:47:15.21137;-0,5236264;1,58345;1,1983;1;0
13:47:15.21237;-0,5234978;1,585136;1,190195;1;0
13:47:15.21237;-0,5233691;1,586822;1,182088;1;0
13:47:15.21337;-0,5232405;1,588507;1,173983;1;0
13:47:15.21337;-0,5231119;1,590193;1,165878;1;0
13:47:15.21337;-0,5229833;1,591879;1,157773;1;0
13:47:15.21437;-0,5228546;1,593564;1,149666;1;0
13:47:15.21437;-0,522726;1,59525;1,141561;1;0
13:47:15.22037;-0,5225974;1,596935;1,133456;1;0
13:47:15.22137;-0,5224687;1,598621;1,12535;1;0
13:47:15.22137;-0,5223401;1,600307;1,117244;1;0
13:47:15.22237;-0,5222115;1,601992;1,109139;1;0
13:47:15.22237;-0,5220829;1,603678;1,101034;1;0
13:47:15.22237;-0,5219542;1,605363;1,092928;1;0
13:47:15.22337;-0,5218256;1,607049;1,084822;1;0
13:47:15.22337;-0,521697;1,608735;1,076717;1;0
13:47:15.22437;-0,5215684;1,61042;1,068612;1;0
13:47:15.22437;-0,5214397;1,612106;1,060506;1;0
13:47:15.22537;-0,5213111;1,613792;1,0524;1;0
13:47:15.22537;-0,5211825;1,615477;1,044295;1;0
13:47:15.22537;-0,5210539;1,617163;1,036189;1;0
13:47:15.23037;-0,5209252;1,618849;1,028084;1;0
13:47:15.23137;-0,5207966;1,620534;1,019978;1;0
13:47:15.23137;-0,520668;1,62222;1,011873;1;0
13:47:15.23137;-0,5205393;1,623905;1,003767;1;0
13:47:15.23237;-0,5204107;1,625591;0,9956617;1;0
13:47:15.23237;-0,5202821;1,627277;0,9875565;1;0
13:47:15.23337;-0,5201535;1,628962;0,9794507;1;0
13:47:15.23337;-0,5200248;1,630648;0,9713449;1;0
13:47:15.23337;-0,5198962;1,632333;0,9632397;1;0
13:47:15.23437;-0,5197676;1,634019;0,9551344;1;0
13:47:15.24937;-0,519639;1,635705;0,9470282;1;0
13:47:15.24937;-0,5195103;1,63739;0,9389229;1;0
13:47:15.25037;-0,5193817;1,639076;0,9308176;1;0
13:47:15.25037;-0,5192531;1,640762;0,9227123;1;0
13:47:15.25137;-0,5191244;1,642447;0,9146061;1;0
13:47:15.25137;-0,5189958;1,644133;0,9065008;1;0
13:47:15.25137;-0,5188672;1,645818;0,898396;1;0
13:47:15.25237;-0,5187386;1,647504;0,8902903;1;0
13:47:15.25237;-0,5186099;1,64919;0,882184;1;0
13:47:15.25337;-0,5184813;1,650875;0,8740788;1;0
13:47:15.25337;-0,5183527;1,652561;0,8659739;1;0
13:47:15.25337;-0,5182241;1,654246;0,8578682;1;0
13:47:15.25437;-0,5180954;1,655932;0,849762;1;0
13:47:15.25437;-0,5179668;1,657618;0,8416567;1;0
13:47:15.25437;-0,5178382;1,659303;0,8335519;1;0
13:47:15.25537;-0,5177096;1,660989;0,8254457;1;0
13:47:15.25537;-0,5175809;1,662675;0,8173399;1;0
13:47:15.25537;-0,5174523;1,66436;0,8092351;1;0
13:47:15.26137;-0,5173237;1,666046;0,8011298;1;0
13:47:15.26137;-0,517195;1,667732;0,7930236;1;0
13:47:15.26237;-0,5170664;1,669417;0,7849178;1;0
13:47:15.26237;-0,5169378;1,671103;0,776813;1;0
13:47:15.26337;-0,5168092;1,672788;0,7687078;1;0
13:47:15.26337;-0,5166805;1,674474;0,7606015;1;0
13:47:15.26337;-0,5165519;1,67616;0,7524958;1;0
13:47:15.26437;-0,5164233;1,677845;0,744391;1;0
13:47:15.26437;-0,5162947;1,679531;0,7362852;1;0
13:47:15.26537;-0,516166;1,681216;0,7281795;1;0
13:47:15.26537;-0,5160374;1,682902;0,7200742;1;0
13:47:15.26637;-0,5159088;1,684588;0,7119689;1;0
13:47:15.27737;-0,5157802;1,686273;0,7038631;1;0
13:47:15.27837;-0,5156515;1,687959;0,6957574;1;0
13:47:15.27937;-0,5155229;1,689645;0,6876521;1;0
13:47:15.27937;-0,5153943;1,69133;0,6795468;1;0
13:47:15.27937;-0,5152656;1,693016;0,6714411;1;0
13:47:15.28037;-0,515137;1,694701;0,6633353;1;0
13:47:15.28037;-0,5150084;1,696387;0,65523;1;0
13:47:15.28137;-0,5148798;1,698073;0,6471243;1;0
13:47:15.28137;-0,5147511;1,699758;0,639019;1;0
13:47:15.28137;-0,5146225;1,701444;0,6309133;1;0
13:47:15.28237;-0,5144939;1,703129;0,622808;1;0
13:47:15.28237;-0,5143653;1,704815;0,6147022;1;0
13:47:15.28237;-0,5142366;1,706501;0,6065969;1;0
13:47:15.28337;-0,514108;1,708186;0,5984917;1;0
13:47:15.28337;-0,5139794;1,709872;0,5903854;1;0
13:47:15.28437;-0,5138507;1,711558;0,5822802;1;0
13:47:15.28437;-0,5137221;1,713243;0,5741749;1;0
13:47:15.28937;-0,5135935;1,714929;0,5660696;1;0
13:47:15.28937;-0,5134649;1,716614;0,5579634;1;0
13:47:15.29037;-0,5133362;1,7183;0,5498581;1;0
13:47:15.29037;-0,5132076;1,719986;0,5417528;1;0
13:47:15.29037;-0,513079;1,721671;0,5336475;1;0
13:47:15.29137;-0,5129504;1,723357;0,5255413;1;0
13:47:15.29137;-0,5128217;1,725042;0,517436;1;0
13:47:15.29137;-0,5126931;1,726728;0,5093312;1;0
13:47:15.29237;-0,5125645;1,728414;0,5012255;1;0
13:47:15.29237;-0,5124359;1,730099;0,4931192;1;0
13:47:15.29337;-0,5123072;1,731785;0,485014;1;0
13:47:15.30237;-0,5121786;1,733471;0,4769092;1;0
13:47:15.30237;-0,51205;1,735156;0,4688029;1;0
13:47:15.30337;-0,5119213;1,736842;0,4606972;1;0
13:47:15.30337;-0,5117927;1,738528;0,4525919;1;0
13:47:15.30337;-0,5116641;1,740213;0,4444871;1;0
13:47:15.30437;-0,5115355;1,741899;0,4363809;1;0
13:47:15.30437;-0,5114068;1,743584;0,4282751;1;0
13:47:15.30437;-0,5112782;1,74527;0,4201703;1;0
13:47:15.30537;-0,5111496;1,746956;0,412065;1;0
13:47:15.30537;-0,511021;1,748641;0,4039588;1;0
13:47:15.30537;-0,5108923;1,750327;0,395853;1;0
13:47:15.30637;-0,5107637;1,752012;0,3877482;1;0
13:47:15.30637;-0,5106351;1,753698;0,3796425;1;0
13:47:15.31737;-0,5105065;1,755384;0,3715367;1;0
13:47:15.31837;-0,5103778;1,757069;0,363431;1;0
13:47:15.31837;-0,5102492;1,758755;0,3553262;1;0
13:47:15.31937;-0,5101206;1,760441;0,3472204;1;0
13:47:15.31937;-0,5099919;1,762126;0,3391147;1;0
13:47:15.31937;-0,5098633;1,763812;0,3310094;1;0
13:47:15.32037;-0,5097347;1,765497;0,3229041;1;0
13:47:15.32037;-0,5096061;1,767183;0,3147984;1;0
13:47:15.32137;-0,5094774;1,768869;0,3066926;1;0
13:47:15.32137;-0,5093488;1,770554;0,2985873;1;0
13:47:15.32137;-0,5092202;1,77224;0,2904816;1;0
13:47:15.32237;-0,5090916;1,773925;0,2823763;1;0
13:47:15.32237;-0,5089629;1,775611;0,2742705;1;0
13:47:15.32337;-0,5088343;1,777297;0,2661653;1;0
13:47:15.32337;-0,5087057;1,778982;0,2580595;1;0
13:47:15.32337;-0,508577;1,780668;0,2499537;1;0
13:47:15.32837;-0,5084484;1,782354;0,2418489;1;0
13:47:15.32837;-0,5083198;1,784039;0,2337432;1;0
13:47:15.32937;-0,5081912;1,785725;0,2256374;1;0
13:47:15.32937;-0,5080625;1,78741;0,2175317;1;0
13:47:15.32937;-0,5079339;1,789096;0,2094269;1;0
13:47:15.33037;-0,5078053;1,790782;0,2013206;1;0
13:47:15.33037;-0,5076767;1,792467;0,1932154;1;0
13:47:15.33137;-0,507548;1,794153;0,1851096;1;0
13:47:15.33137;-0,5074194;1,795838;0,1770048;1;0
13:47:15.33137;-0,5072908;1,797524;0,1688986;1;0
13:47:15.34637;-0,5071622;1,79921;0,1607933;1;0
13:47:15.34637;-0,5070335;1,800895;0,152688;1;0
13:47:15.34737;-0,5069049;1,802581;0,1445827;1;0
13:47:15.34737;-0,5067763;1,804267;0,1364765;1;0
13:47:15.34837;-0,5066476;1,805952;0,1283712;1;0
13:47:15.34837;-0,506519;1,807638;0,120266;1;0
13:47:15.34937;-0,5063904;1,809324;0,1121597;1;0
13:47:15.34937;-0,5062618;1,811009;0,1040545;1;0
13:47:15.35037;-0,5061331;1,812695;0,0959487;1;0
13:47:15.35037;-0,5060045;1,81438;0,08784389;1;0
13:47:15.35037;-0,5058759;1,816066;0,07973766;1;0
13:47:15.35137;-0,5057473;1,817752;0,07163239;1;0
13:47:15.35137;-0,5056186;1,819437;0,06352711;1;0
13:47:15.35237;-0,50549;1,821123;0,05542183;1;0
13:47:15.35237;-0,5053614;1,822809;0,0473156;1;0
13:47:15.35237;-0,5052328;1,824494;0,03921032;1;0
13:47:15.35337;-0,5051041;1,82618;0,03110504;1;0
13:47:15.35337;-0,5049755;1,827865;0,02299929;1;0
13:47:15.35337;-0,5048469;1,829551;0,01489353;1;0
13:47:15.35937;-0,5047182;1,831237;0,006788254;1;0
13:47:15.35937;-0,5045896;1,832922;-0,001317024;1;0
13:47:15.36037;-0,504461;1,834608;-0,009422779;1;0
13:47:15.36037;-0,5043324;1,836293;-0,01752853;1;0
13:47:15.36137;-0,5042037;1,837979;-0,02563381;1;0
13:47:15.36137;-0,5040751;1,839665;-0,03373909;1;0
13:47:15.36137;-0,5039465;1,84135;-0,04184484;1;0
13:47:15.36237;-0,5038179;1,843036;-0,0499506;1;0
13:47:15.36237;-0,5036892;1,844721;-0,0580554;1;0
13:47:15.36337;-0,5035606;1,846407;-0,06616163;1;0
13:47:15.36337;-0,503432;1,848093;-0,07426739;1;0
13:47:15.36437;-0,5033033;1,849778;-0,08237267;1;0
13:47:15.36837;-0,5031747;1,851464;-0,09047794;1;0
13:47:15.36937;-0,5030461;1,85315;-0,0985837;1;0
13:47:15.36937;-0,5029175;1,854835;-0,1066895;1;0
13:47:15.37337;-0,5027888;1,856521;-0,1147947;1;0
13:47:15.37337;-0,5026602;1,858206;-0,1229;1;0
13:47:15.37437;-0,5025316;1,859892;-0,1310058;1;0
13:47:15.37437;-0,502403;1,861578;-0,1391115;1;0
13:47:15.37537;-0,5022743;1,863263;-0,1472163;1;0
13:47:15.37537;-0,5021457;1,864949;-0,1553226;1;0
13:47:15.37537;-0,5020171;1,866634;-0,1634278;1;0
13:47:15.38637;-0,5018885;1,86832;-0,1715336;1;0
13:47:15.38637;-0,5017598;1,870006;-0,1796384;1;0
13:47:15.38737;-0,5016312;1,871691;-0,1877446;1;0
13:47:15.39237;-0,5015026;1,873377;-0,1958499;1;0
13:47:15.39237;-0,5013739;1,875063;-0,2039557;1;0
13:47:15.39337;-0,5012453;1,876748;-0,2120605;1;0
13:47:15.39337;-0,5011167;1,878434;-0,2201667;1;0
13:47:15.39437;-0,5009881;1,88012;-0,2282724;1;0
13:47:15.39437;-0,5008594;1,881805;-0,2363772;1;0
13:47:15.39537;-0,5007308;1,883491;-0,2444835;1;0
13:47:15.39537;-0,5006022;1,885176;-0,2525887;1;0
13:47:15.39537;-0,5004736;1,886862;-0,2606945;1;0
13:47:15.39637;-0,5003449;1,888548;-0,2687993;1;0
13:47:15.39637;-0,5002163;1,890233;-0,2769055;1;0
13:47:15.39737;-0,5000877;1,891919;-0,2850108;1;0
13:47:15.39737;-0,4999591;1,893605;-0,2931166;1;0
13:47:15.39737;-0,4998304;1,89529;-0,3012214;1;0
13:47:15.40237;-0,4997018;1,896976;-0,3093276;1;0
13:47:15.40337;-0,4995732;1,898661;-0,3174329;1;0
13:47:15.40337;-0,4994445;1,900347;-0,3255382;1;0
13:47:15.40437;-0,4993159;1,902033;-0,3336439;1;0
13:47:15.40437;-0,4991873;1,903718;-0,3417497;1;0
13:47:15.40537;-0,4990587;1,905404;-0,3498549;1;0
13:47:15.40537;-0,49893;1,907089;-0,3579602;1;0
13:47:15.40637;-0,4988014;1,908775;-0,366066;1;0
13:47:15.40637;-0,4986728;1,910461;-0,3741717;1;0
13:47:15.40637;-0,4985442;1,912146;-0,382277;1;0
13:47:15.40737;-0,4984155;1,913832;-0,3903823;1;0
13:47:15.40737;-0,4982869;1,915517;-0,398488;1;0
13:47:15.40737;-0,4981583;1,917203;-0,4065938;1;0
13:47:15.40837;-0,4980296;1,918889;-0,4146986;1;0
13:47:15.40837;-0,497901;1,920574;-0,4228048;1;0
13:47:15.40937;-0,4977724;1,92226;-0,4309101;1;0
13:47:15.40937;-0,4976438;1,923946;-0,4390159;1;0
13:47:15.41537;-0,4975151;1,925631;-0,4471207;1;0
13:47:15.41537;-0,4973865;1,927317;-0,4552269;1;0
13:47:15.41637;-0,4972579;1,929003;-0,4633322;1;0
